education,origin_uni
Harvard University,Harvard University
Harvard College,Harvard University
Graduate School of Arts and Sciences,Harvard University
Harvard Divinity School,Harvard University
Harvard Design School,Harvard University
Harvard Division of Continuing Education,Harvard University
Harvard Graduate School of Education,Harvard University
Harvard John A. Paulson School of Engineering and Applied Sciences,Harvard University
Harvard Kennedy School,Harvard University
Harvard Law School,Harvard University
Harvard Radcliffe Institute,Harvard University
Harvard Art and Science Museums,Harvard University
Harvard Business School,Harvard University
Harvard Stadium,Harvard University
Harvard Innovation Labs,Harvard University
Harvard Medical School,Harvard University
Harvard Dental School,Harvard University
Harvard T.H. Chan School of Public Health,Harvard University
University of Cambridge,Cambridge University
Christ's College Cambridge,Cambridge University
Clare College Cambridge,Cambridge University
Computer Laboratory University of Cambridge,Cambridge University
Corpus Christi College Cambridge,Cambridge University
Downing College Cambridge,Cambridge University
Emmanuel College Cambridge,Cambridge University
Fitzwilliam College Cambridge,Cambridge University
Girton College Cambridge,Cambridge University
Gonville and Caius College Cambridge,Cambridge University
Hughes Hall Cambridge,Cambridge University
Jesus College Cambridge,Cambridge University
King's College Cambridge,Cambridge University
Magdalene College Cambridge,Cambridge University
Newnham College Cambridge,Cambridge University
Pembroke College Cambridge,Cambridge University
Peterhouse Cambridge,Cambridge University
Queens' College Cambridge,Cambridge University
Selwyn College Cambridge,Cambridge University
St Catharine's College Cambridge,Cambridge University
St Edmund's College Cambridge,Cambridge University
St John's College Cambridge,Cambridge University
Trinity College Cambridge,Cambridge University
Trinity Hall Cambridge,Cambridge University
Westcott House Cambridge,Cambridge University
Wolfson College Cambridge,Cambridge University
Stanford University,Stanford University
Stanford Graduate School of Business,Stanford University
Stanford Graduate School of Business,Stanford University
University of Oxford,Oxford University
All Souls College Oxford,Oxford University
Balliol College Oxford,Oxford University
Brasenose College Oxford,Oxford University
Campion Hall Oxford,Oxford University
Green Templeton College Oxford,Oxford University
Christ Church Oxford,Oxford University
Corpus Christi College Oxford,Oxford University
Exeter College Oxford,Oxford University
Gloucester College Oxford,Oxford University
Hertford College Oxford,Oxford University
Harris Manchester College Oxford,Oxford University
Jesus College Oxford,Oxford University
Keble College Oxford,Oxford University
Lady Margaret Hall Oxford,Oxford University
Lincoln College Oxford,Oxford University
Magdalen College Oxford,Oxford University
Merton College Oxford,Oxford University
New College Oxford,Oxford University
Nuffield College Oxford,Oxford University
Oriel College Oxford,Oxford University
Oxford,Oxford University
Pembroke College Oxford,Oxford University
Somerville College Oxford,Oxford University
St Antony's College Oxford,Oxford University
St Catherine's College Oxford,Oxford University
St Edmund Hall Oxford,Oxford University
St Hilda's College Oxford,Oxford University
St Hugh's College Oxford,Oxford University
St John's College Oxford,Oxford University
St Peter's College Oxford,Oxford University
The Queen's College Oxford,Oxford University
Trinity College Oxford,Oxford University
University College Oxford,Oxford University
Wadham College Oxford,Oxford University
Worcester College Oxford,Oxford University
Wycliffe Hall Oxford,Oxford University
Headington School Oxford,Oxford University
Mansfield College Oxford,Oxford University
Regent's Park College Oxford,Oxford University
St Anne's College Oxford,Oxford University
St Clare's Oxford,Oxford University
St Cross College Oxford,Oxford University
St Mary Hall Oxford,Oxford University
St Stephen's House Oxford,Oxford University
Westminster College Oxford,Oxford University
Wolfson College Oxford,Oxford University
Columbia University,Columbia University
Columbia Business School,Columbia University
Columbia College Columbia University,Columbia University
Columbia Graduate School of Architecture Planning and Preservation,Columbia University
Columbia Graduate School of Arts and Sciences,Columbia University
Columbia Law School,Columbia University
Columbia School of Engineering and Applied Science,Columbia University
Columbia University College of Physicians and Surgeons,Columbia University
Columbia University Graduate School of Journalism,Columbia University
Columbia University Mailman School of Public Health,Columbia University
Columbia University School of General Studies,Columbia University
Columbia University School of Social Work,Columbia University
Columbia University School of the Arts,Columbia University
Columbia_University_School_of_Library_Science,Columbia University
School of International and Public Affairs Columbia University,Columbia University
Teachers College Columbia University,Columbia University
Yale College,Yale University
Yale Divinity School,Yale University
Yale Graduate School of Arts and Sciences,Yale University
Yale Law School,Yale University
Yale School of Architecture,Yale University
Yale School of Art,Yale University
Yale School of Drama,Yale University
Yale School of Forestry & Environmental Studies,Yale University
Yale School of Management,Yale University
Yale School of Medicine,Yale University
Yale School of Music,Yale University
Yale School of Public Health,Yale University
Yale University,Yale University
Yale_University_(PhD),Yale University
University of Chicago,University of Chicago
University of Chicago Divinity School,The University of Chicago
University of Chicago Laboratory Schools,The University of Chicago
University of Chicago Law School,The University of Chicago
University of Edinburgh,University of Edinburgh
University of Edinburgh Law School,University of Edinburgh
University of Edinburgh Medical School,University of Edinburgh
University of Glasgow,University of Glasgow
University of Glasgow Medical School,University of Glasgow
University of Glasgow School of Veterinary Medicine,University of Glasgow
University of Maryland Baltimore,University of Maryland
University of Maryland Baltimore County,University of Maryland
University of Maryland Eastern Shore,University of Maryland
University of Maryland University College,University of Maryland
University of Maryland School of Law,University of Maryland
University of Maryland School of Dentistry,University of Maryland
University of Maryland College Park,University of Maryland
University of Maryland College of Agriculture and Natural Resources,University of Maryland
University of Melbourne,University of Melbourne
University of Melbourne Faculty of VCA and MCM,University of Melbourne
St Joseph's College Melbourne,University of Melbourne
Trinity College (University of Melbourne),University of Melbourne
Queen's College (University of Melbourne),University of Melbourne
University of Michigan College of Literature Science and the Arts,University of Michigan
University of Michigan School of Public Health,University of Michigan
University of Michigan School of Music Theatre & Dance,University of Michigan
University of Michigan School of Education,University of Michigan
University of Michigan School of Dentistry,University of Michigan
University of Michigan Law School,University of Michigan
University of Michigan Health System,University of Michigan
University of Michigan College of Pharmacy,University of Michigan
University of Minnesota` + `University of Minnesota Law School` + `University of Minnesota Medical School`
University of Virginia,University of Virginia
University of Virginia Darden School of Business,University of Virginia
University of Virginia School of Law,University of Virginia
University of Virginia School of Medicine,University of Virginia
University of Virginia School of Nursing,University of Virginia
Pennsylvania State University,Pennsylvania State University
Pennsylvania State University - Dickinson Law,Pennsylvania State University
Wharton School of the University of Pennsylvania,University of Pennsylvania
University of Pennsylvania,University of Pennsylvania
University of Pennsylvania Economics Department,University of Pennsylvania
University of Pennsylvania Law School,University of Pennsylvania
University of Pennsylvania School of Dental Medicine,University of Pennsylvania
University of Pennsylvania School of Engineering and Applied Science,University of Pennsylvania
University of Pennsylvania School of Nursing,University of Pennsylvania
Perelman School of Medicine at the University of Pennsylvania,University of Pennsylvania
