name,networth,education
Charles_Mbire,200000000,University of Essex
Charles_Mbire,200000000,University of Leicester
Charles_R._Schwab,5.30E+09,Stanford University
Charles_Sirois,8.11E+08,Laval University
Charles_Sirois,8.11E+08,Université de Sherbrooke
"Charles_W._Engelhard,_Jr.",2.50E+08,University of Oxford
Charlie_Munger,1.21E+09,California Institute of Technology
Charlie_Munger,1.21E+09,University of Michigan
Charlie_Munger,1.21E+09,Berkshire Hathaway
Charlie_Munger,1.21E+09,Wesco Financial
Charlie_Munger,1.21E+09,Daily Journal Corporation
Charlie_Munger,1.21E+09,Harvard Law School
Chase_Coleman_III,2.30E+09,Deerfield Academy
Chen_Fashu,3.00E+09,China Europe International Business School
Chen_Guangbiao,4.00E+08,Master of Business Administration
Chen_Guangbiao,4.00E+08,Peking University
Chen_Guangbiao,4.00E+08,Tsinghua University
Chen_Guangbiao,4.00E+08,Nanjing University
Chen_Guangbiao,4.00E+08,Nanjing University of Chinese Medicine
Chen_Jianqiang,7.80E+08,Master of Business Administration
Chen_Jianqiang,7.80E+08,China Europe International Business School
Cheng_Wai_Keung,7.55E+08,University of Chicago
Cheng_Wai_Keung,7.55E+08,Indiana University
Cher_Wang,8.80E+09,University of California
Chey_Tae-won,4.20E+09,University of Chicago
Chris_Evans_(presenter),5.00E+07,University Academy Warrington
Chris_Evans_(presenter),5.00E+07,Sir Thomas Boteler Church of England High School
Chris_Hohn,1.10E+09,University of Southampton
Chris_Hohn,1.10E+09,Harvard Business School
Chris_Rokos,800000000,University of Oxford
Chris_Rokos,800000000,Eton College
Christoffel_Wiese,5.30E+09,Paarl Boys' High School
Chung_Mong-koo,6.80E+09,Hanyang University
Chung_Mong-koo,6.80E+09,Hanyang University
Chung_Yong-jin,1.30E+09,Brown University
C._Dean_Metropoulos,2.40E+09,Babson College
Craig_McCaw,1.84E+09,Stanford University
Craig_Newmark,4.00E+08,Case Western Reserve University
Crispin_Odey,1.10E+09,Christ Church Oxford
Cyrus_S._Poonawalla,8.50E+09,Brihan Maharashtra College of Commerce
Caleb_Chan,9.80E+08,University of California Berkeley
Caleb_Chan,9.80E+08,University of San Francisco
Cargill_MacMillan_Jr,2.60E+09,Yale University
Carl_Bennet,2.80E+09,University of Gothenburg
Carl_Icahn,1.70E+10,Princeton University
Carl_Icahn,1.70E+10,New York University School of Medicine
Carlos_Bulgheroni,5.10E+09,University of Buenos Aires
Carlos_Slim,5.30E+10,Civil engineering
Carlos_Slim,5.30E+10,National Autonomous University of Mexico
Chad_Hurley,3.55E+08,Indiana University of Pennsylvania
Charlene_de_Carvalho-Heineken,1.34E+10,Rijnlands Lyceum Foundation
Charlene_de_Carvalho-Heineken,1.34E+10,Leiden University
Charles_Bartlett_Johnson,4.60E+09,Yale University
Charles_Brandes,1.10E+09,Bucknell University
Charles_Brandes,1.10E+09,San Diego State University
Charles_Bronfman,2.10E+09,McGill University
Charles_Butt,1.08E+10,University of Pennsylvania
Charles_Butt,1.08E+10,Harvard Business School
Charles_Cruft_(showman),30476,Birkbeck University of London
Charles_Cruft_(showman),30476,Ardingly College
Charles_D._Tandy,2.84E+07,Texas Christian University
Charles_Koch,4.33E+10,Massachusetts Institute of Technology
Charles_Koch,4.33E+10,Master of Science
Kalanithi_Maran,3.50E+09,University of Scranton
Kamarudin_Meranun,2.25E+08,Universiti Teknologi MARA
Karen_Pritzker,4.30E+09,Northwestern University
Karl-Johan_Persson,3.00E+09,European Business School London
Kavita_Oberoi,1.00E+07,University of Huddersfield
Kelcy_Warren,1.74E+09,University of Texas at Arlington
Ken_Moelis,3.86E+08,Wharton School of the University of Pennsylvania
Ken_Morrison,1.00E+09,Bradford Grammar School
Kenneth_C._Griffin,7.30E+09,Harvard University
Kenneth_Feld,1.80E+09,Boston University
Kenneth_Fisher,2.70E+09,Humboldt State University
Kenneth_Langone,2.70E+09,Bucknell University
Kenneth_Langone,2.70E+09,New York University Stern School of Business
Keshub_Mahindra,6.15E+08,University of Pennsylvania
Keshub_Mahindra,6.15E+08,Wharton School of the University of Pennsylvania
Kevin_Plank,3.90E+09,University of Maryland College Park
Kevin_Systrom,4.00E+08,Stanford University
Khoo_Teck_Puat,2.60E+09,St. Joseph's Institution Singapore
Kimbal_Musk,2.50E+09,Queen's University
Kirill_Shamalov,1.20E+09,Saint Petersburg State University
Kith_Meng,6.00E+08,Australian National University
Klaus_Tschira,6.70E+09,Karlsruhe Institute of Technology
Konstantin_Kagalovsky,1.20E+09,Financial University under the Government of the Russian Federation
Kris_Gopalakrishnan,1.35E+09,Master of Science
Kris_Gopalakrishnan,1.35E+09,Master of Engineering
Kris_Gopalakrishnan,1.35E+09,Indian Institutes of Technology
Kumar_Mangalam_Birla,8.30E+09,University of Mumbai
Kumar_Mangalam_Birla,8.30E+09,London Business School
Kumar_Mangalam_Birla,8.30E+09,Institute of Chartered Accountants of India
Kushal_Pal_Singh,2.50E+09,Meerut College
Xu_Ming,4.90E+08,Dongbei University of Finance and Economics
Xu_Ming,4.90E+08,Shenyang Aerospace University
Xue_Xiangdong,2.30E+09,Hunan University
Hiroshi_Mikitani,8.70E+09,Hitotsubashi University
Hiroshi_Mikitani,8.70E+09,Harvard University
Hiroshi_Yamauchi,2.50E+09,Waseda University
Howard_Marks_(investor),2.00E+09,University of Chicago
Howard_Marks_(investor),2.00E+09,Wharton School of the University of Pennsylvania
Howard_Schultz,2.90E+09,Northern Michigan University
Hyatt_Bass,2.80E+08,Princeton University
Hüsnü_Özyeğin,2.70E+09,Oregon State University
Hüsnü_Özyeğin,2.70E+09,Harvard University
Hans_Rausing,1.25E+10,Lund University
Hansjörg_Wyss,6.10E+09,ETH Zurich
Hansjörg_Wyss,6.10E+09,Harvard Business School
Harindarpal_Banga,1.30E+09,Master mariner
Harindarpal_Banga,1.30E+09,Dufferin_(school)
Harold_Simmons,1.00E+10,University of Texas at Austin
Harry_Sargeant_III,1.00E+09,Florida State University
Harvey_McGrath,1.00E+08,St Catharine's College Cambridge
Harvey_McGrath,1.00E+08,Methodist College Belfast
Hassan_Khosrowshahi,9.40E+08,University of Tehran
Heather_Mills,2.43E+07,Washington Tyne and Wear
Heather_Mills,2.43E+07,Chestnut Grove Academy
Heinz_Bauer_(publisher),1.90E+09,University of Hamburg
Helen_Walton,1.64E+10,University of Oklahoma
Henadiy_Boholyubov,1.80E+09,Prydniprovska State Academy of Civil Engineering and Architecture
Hennadiy_Korban,1.53E+08,National Mining University of Ukraine
Henry_Hillman,2.50E+09,Taft School
Henry_Hillman,2.50E+09,Shady Side Academy
Henry_Kravis,4.80E+09,Columbia Business School
Henry_Kravis,4.80E+09,Claremont McKenna College
Henry_Nicholas,1.70E+09,University of California Los Angeles
Henry_Nicholas,1.70E+09,Electrical engineering
Henry_Samueli,2.40E+09,University of California Los Angeles
Henry_Silverman,3.00E+08,Williams College
Henry_Silverman,3.00E+08,University of Pennsylvania Law School
Henry_Swieca,1.30E+09,Columbia Business School
Henry_Swieca,1.30E+09,Stony Brook University
Henry_Sy,1.57E+10,Far Eastern University
"Herbert_Allen,_Jr.",1.50E+09,Williams College
"Herbert_Kohler,_Jr.",7.40E+09,Choate Rosemary Hall
Herbert_Simon_(real_estate),2.90E+09,City College of New York
Hamilton_E._James,1.84E+09,Choate Rosemary Hall
Vagit_Alekperov,1.14E+10,Azerbaijan State University of Oil and Industry
Vardis_Vardinogiannis,7.11E+08,Hellenic Naval Academy
Viatcheslav_Moshe_Kantor,2.30E+09,Moscow Aviation Institute
Victor_Fung,2.90E+09,Massachusetts Institute of Technology
Victor_Fung,2.90E+09,Harvard Business School
Victor_Muller,7500000,Leiden University
Vikram_Lal,3.90E+09,The Doon School
Vince_Gilligan,1.50E+07,Tisch School of the Arts
Vincent_Astor,1.50E+09,Harvard University
Vincent_Bolloré,7.30E+09,Lycée Janson de Sailly
Vincent_Tchenguiz,8.50E+08,Boston University
Vincent_Tchenguiz,8.50E+08,New York University
Vincent_Tchenguiz,8.50E+08,McGill University
Vincent_Viola,2.20E+09,United States Military Academy
Vincent_Viola,2.20E+09,New York Law School
Vinod_Khosla,1.50E+09,Carnegie Mellon University
Vinod_Khosla,1.50E+09,Stanford Graduate School of Business
Vinod_Khosla,1.50E+09,Indian Institute of Technology Delhi
Vladimir_Aleksandrovich_Antonov,3.00E+08,Plekhanov Russian University of Economics
Vladimir_Lisin,9.10E+09,Siberian State Industrial University
Vladimir_Lisin,9.10E+09,Russian Presidential Academy of National Economy and Public Administration
Vladimir_Makhlai,1.00E+09,Perm_Polytechnic_Institute
Vladimir_Potanin,2.37E+11,Moscow State Institute of International Relations
Patrick_Bitature,1.00E+08,Institute of Chartered Secretaries and Administrators
Patrick_Bitature,1.00E+08,Namasagali College
Patrick_Bitature,1.00E+08,Nyakasura School
Patrick_Drahi,7.90E+09,École Polytechnique
Patrick_Soon-Shiong,1.18E+10,University of California Los Angeles
Patrick_Soon-Shiong,1.18E+10,University of British Columbia
Patrick_Soon-Shiong,1.18E+10,University of the Witwatersrand
Paul_Allen,1.76E+10,Lakeside School (Seattle)
Paul_Allen,1.76E+10,Washington State University
Paul_Desmarais,4.50E+09,University of Ottawa
Paul_L._Foster,1.50E+09,Baylor University
Paul_Singer_(businessman),2.10E+09,University of Rochester
Paul_Singer_(businessman),2.10E+09,Juris Doctor
Paul_Singer_(businessman),2.10E+09,Bachelor of Science
Paul_Singer_(businessman),2.10E+09,Harvard Law School
Paul_Tudor_Jones,4.70E+09,University of Virginia
Paul_Walker,2.50E+07,Village Christian Schools
Pavel_Durov,2.60E+08,Saint Petersburg State University
Pavel_Tykač,1.03E+09,Czech Technical University in Prague
Peter_B._Lewis,1.25E+09,Princeton University
Peter_Buck_(restaurateur),2.60E+09,Columbia University
Peter_Buck_(restaurateur),2.60E+09,Bowdoin College
Peter_Buck_(restaurateur),2.60E+09,Doctor of Humane Letters
Peter_Hargreaves,2.39E+09,Clitheroe Royal Grammar School
Peter_Livanos,7.00E+09,Columbia University
Peter_Lynch,3.52E+08,Boston College
Peter_Lynch,3.52E+08,Wharton School of the University of Pennsylvania
Petr_Kellner,1.08E+10,University of Economics Prague
Phaedra_Parks,2000000,Clarke Central High School
Phaedra_Parks,2000000,Wesleyan College
Phaedra_Parks,2000000,Juris Doctor
Phaedra_Parks,2000000,Bachelor of Arts
Phaedra_Parks,2000000,University of Georgia School of Law
P._N._C._Menon,1.23E+09,Sree Kerala Varma College
Pankaj_Patel,4.10E+09,Gujarat University
Pansy_Ho,6.40E+09,Santa Clara University
Pat_Ryan_(executive),2.50E+09,Northwestern University
Patrice_Motsepe,2.90E+09,University of the Witwatersrand
Patrice_Motsepe,2.90E+09,University of Swaziland
Patricia_Matte,2.80E+09,Pontifical Catholic University of Chile
Phil_Knight,2.81E+10,Stanford University
Phil_Knight,2.81E+10,University of Oregon
Philip_Anschutz,1.01E+10,University of Kansas
Phillip_Ean_Cohen,500,University of Melbourne
Phillip_Ean_Cohen,500,Harvard Business School
Phillip_Frost,4.90E+09,Physician
Phillip_Frost,4.90E+09,Bachelor of Arts
Poju_Zabludowicz,1.50E+09,Tel Aviv University
Prem_Watsa,1.00E+09,University of Western Ontario
Prem_Watsa,1.00E+09,Indian Institute of Technology Madras
Pyotr_Aven,6.40E+09,Moscow State University
Zhang_Jindong,5.50E+09,Nanjing Normal University
Zhang_Xin_(businesswoman),3.60E+09,University of Sussex
Zhang_Xin_(businesswoman),3.60E+09,University of Cambridge
Zhang_Zhixiang,2.80E+09,Zhejiang University
Zhou_Chengjian,1.90E+09,Zhejiang University
Zhou_Hongyi,1.40E+09,Xi'an Jiaotong University
Ziyavudin_Magomedov,3.00E+09,Moscow State University
A._Alfred_Taubman,3.10E+09,Lawrence Technological University
A._Alfred_Taubman,3.10E+09,Taubman College of Architecture and Urban Planning
"Amos_Hostetter,_Jr.",3.20E+09,Amherst College
"Amos_Hostetter,_Jr.",3.20E+09,Harvard University
"Amos_Hostetter,_Jr.",3.20E+09,Economics
Ana_Patricia_Botín,1.35E+08,Bryn Mawr College
Ana_Patricia_Botín,1.35E+08,Harvard Business School
Anand_Mahindra,1.20E+09,Lawrence School Lovedale
Anand_Mahindra,1.20E+09,Harvard University
Anand_Mahindra,1.20E+09,Harvard Business School
Andrew_Beal,7.60E+09,Michigan State University
Andrew_Beal,7.60E+09,Baylor University
Andrew_Black_(gambling_entrepreneur),1.25E+08,King's College School
Andrew_Black_(gambling_entrepreneur),1.25E+08,University of Exeter
Andrew_Cherng,3.20E+09,Baker University
Andrew_Cherng,3.20E+09,University of Missouri
Andrew_Gower,1.38E+08,University of Cambridge
Andrew_Mason,2.00E+08,Northwestern University
Andrew_Mason,2.00E+08,Bienen School of Music
Andrew_Tilles,3.61E+08,University of Arkansas
Andrey_Melnichenko,8.00E+09,Plekhanov Russian University of Economics
André_Esteves,2.20E+09,Federal University of Rio de Janeiro
Andrónico_Luksic_Craig,1.46E+07,Babson College
Angela_Ahrendts,1.50E+08,Ball State University
Anil_Ambani,4.30E+09,Wharton School of the University of Pennsylvania
Anil_Ambani,4.30E+09,University of Mumbai
Anil_Kumar,50,Imperial College London
Anil_Kumar,50,Indian Institute of Technology Bombay
Anil_Kumar,50,Wharton School of the University of Pennsylvania
Anil_Kumar,50,The Doon School
Anita_Zucker,2.10E+09,University of Florida
Anita_Zucker,2.10E+09,University of North Florida
Ann_Gloag,1.04E+09,Perth High School
Ann_Walton_Kroenke,4.60E+09,Lincoln University (Missouri)
Anne_Hendricks_Bass,6.90E+08,Park Tudor School
Anthony_Bamford,3.10E+09,Ampleforth College
Anthony_Pritzker,3.40E+09,Dartmouth College
Anthony_Pritzker,3.40E+09,University of Chicago
Anton_Rupert,2.30E+09,University of Pretoria
Aldo_Bensadoun,1.70E+09,McGill University
Alec_Gores,2.10E+09,Western Michigan University
Alejandro_Santo_Domingo,4.60E+09,Hotchkiss School
Alejandro_Santo_Domingo,4.60E+09,Harvard University
Alessandro_Gadotti,7.50E+07,Sapienza University of Rome
Alexander_Knaster,2.20E+09,Carnegie Mellon University
Alexander_Knaster,2.20E+09,Harvard Business School
Alexander_Mamut,2.40E+09,Moscow State University
Alexander_Nesis,2.40E+09,Saint Petersburg State Institute of Technology
Alexander_Putilov,1.10E+09,Bachelor of Arts
Alexander_Putilov,1.10E+09,Tyumen_Industrial_Institute
Alexander_Rovt,1.20E+09,Lviv Academy of Commerce
Alexander_Spanos,1.69E+09,University of the Pacific (United States)
Alexei_Mordashov,1.32E+10,Northumbria University
Alfred_E._Mann,1.50E+09,University of California Los Angeles
Alfred_I._du_Pont,5.60E+07,Phillips Academy
Ali_Mufuruki,1.10E+08,Reutlingen University
Alice_Walton,3.25E+10,Trinity University (Texas)
Aliko_Dangote,1.80E+10,Al-Azhar University
Alisher_Usmanov,1.29E+10,Moscow State Institute of International Relations
Alistair_MacLean,73347,Hillhead High School
Alistair_MacLean,73347,Inverness Royal Academy
Alistair_MacLean,73347,Daviot_School
Alistair_MacLean,73347,University of Glasgow
Allan_Gray_(investor),1.05E+10,Rhodes University
Allan_Gray_(investor),1.05E+10,Harvard Business School
Allen_Stanford,0,Eastern Hills High School
Allen_Stanford,0,Baylor University
Allen_Stanford,0,Finance
Allen_Stanford,0,Bachelor of Arts
Aloke_Lohia,1.30E+09,Bachelor of Commerce
Aloke_Lohia,1.30E+09,University of Delhi
Aloysio_de_Andrade_Faria,2.20E+09,Northwestern University
Aloysio_de_Andrade_Faria,2.20E+09,Federal University of Minas Gerais
Amar_Bose,1.00E+09,Massachusetts Institute of Technology
Amar_Bose,1.00E+09,Doctor of Philosophy
Antônio_Ermírio_de_Moraes,3.10E+09,Colorado School of Mines
Archie_Aldis_Emmerson,3.90E+09,Redding California
Arif_Naqvi,5.00E+08,London School of Economics
Arif_Naqvi,5.00E+08,Karachi Grammar School
Arkady_Rotenberg,1.26E+09,D. Mendeleev University of Chemical Technology of Russia
Arnaud_Lagardère,2.40E+09,Paris Dauphine University
Arte_Moreno,1.81E+09,University of Arizona
Arthur_Blank,2.60E+09,Babson College
Arthur_Wagner,49907,Bachelor of Arts
Arthur_Wagner,49907,Trinity College Cambridge
Arthur_Wagner,49907,Eton College
Austen_S._Cargill_II,3.30E+09,Oregon State University
Austen_S._Cargill_II,3.30E+09,University of Minnesota
Aydın_Doğan,1.00E+09,Marmara University
Ayman_Asfari,1.20E+09,University of Pennsylvania
Ayman_Asfari,1.20E+09,Villanova University
Ayman_Hariri,1.04E+09,Georgetown University
Azim_Premji,1.65E+10,Stanford University
Abigail_Johnson,1.37E+10,Hobart and William Smith Colleges
Abigail_Johnson,1.37E+10,Harvard Business School
Abílio_Diniz,4.40E+09,Columbia University
Abílio_Diniz,4.40E+09,University of Dayton
Abílio_Diniz,4.40E+09,Fundação Getúlio Vargas
Adam_D'Angelo,6.00E+08,California Institute of Technology
Adam_D'Angelo,6.00E+08,Phillips Exeter Academy
Adam_Fleming_(businessman),1.50E+09,Eton College
Adi_Godrej,4.00E+09,MIT Sloan School of Management
Adolphus_W._Green,2400000,Boston Latin School
Adrian_Swire,2.40E+09,Eton College
Adrian_Swire,2.40E+09,Wellesley House School
Ajay_Kalsi,1.20E+09,London School of Economics
Ajay_Kalsi,1.20E+09,University of Cambridge
Ajay_Piramal,1.60E+09,University of Mumbai
Al-Waleed_bin_Talal,2.40E+10,Syracuse University
Al-Waleed_bin_Talal,2.40E+10,Menlo College
Al_Pacino,1.35E+08,HB Studio
Alan_Casden,1.20E+09,University of Southern California
Alan_Howard_(hedge_fund_manager),1.50E+09,Imperial College London
Alan_Leventhal,1.00E+09,Dartmouth College
Alan_Leventhal,1.00E+09,Northwestern University
Alan_Trefler,1.00E+09,Dartmouth College
Alastair_Salvesen,1.00E+09,Fettes College
Gautam_Singhania,1.40E+09,Cathedral and John Connon School
Gayle_Cook,5.80E+09,Indiana University Bloomington
Geoffrey_Edelsten,6.30E+07,Mount Scopus Memorial College
Geoffrey_Edelsten,6.30E+07,Princes Hill Secondary College
Geoffrey_Edelsten,6.30E+07,University of Melbourne
George_Joseph_(West_Virginia),1.15E+09,Harvard University
George_Kaiser,7.10E+09,Harvard College
George_Kaiser,7.10E+09,Harvard Business School
George_Lindemann,4.00E+09,Wharton School of the University of Pennsylvania
George_P._Mitchell,2.00E+09,Texas A&M University
George_R._Roberts,5.10E+09,University of California Hastings College of the Law
George_R._Roberts,5.10E+09,Claremont McKenna College
George_Soros,2.45E+10,London School of Economics
Gerald_J._Ford,2.10E+09,Southern Methodist University
Geraldine_Hughes,500000,University of California Los Angeles
Gert_Verhulst,1.12E+08,Autodidacticism
Gianfelice_Rocca,4.70E+09,University of Milan
Gianfelice_Rocca,4.70E+09,Harvard Business School
Gigi_Pritzker,1.90E+09,Stanford University
Gina_Rinehart,9.80E+09,St Hilda's Anglican School for Girls
Gina_Rinehart,9.80E+09,University of Sydney
Gabe_Newell,2.20E+09,Harvard University
Galen_Weston,9.80E+09,University of Western Ontario
Glenn_Beck,9.00E+07,Sehome High School
Glenn_Dubin,2.00E+09,Stony Brook University
Gordon_McLendon,2.50E+08,Yale University
Gordon_McLendon,2.50E+08,Harvard Law School
Graeme_Hart,8.10E+09,Mount Roskill Grammar School
Graeme_Hart,8.10E+09,New Zealand
Graeme_Hart,8.10E+09,Auckland
Graeme_Hart,8.10E+09,University of Otago
Graeme_Hart,8.10E+09,Master of Business Administration
Graham_Tuckwell,4.60E+08,Australian National University
Greg_Coffey,7.43E+08,Macquarie University
Guo_Guangchang,7.30E+09,Fudan University
Gustavo_Cisneros,4.00E+09,Babson College
Gustavo_Cisneros,4.00E+09,Suffield Academy
Gwen_Stefani,8.00E+07,California State University Fullerton
Gérard_Louis-Dreyfus,3.40E+09,Duke University
Gérard_Louis-Dreyfus,3.40E+09,Juris Doctor
Naguib_Sawiris,3.10E+09,ETH Zurich
Nancy_Walton_Laurie,4.10E+09,University of Memphis
Nassef_Sawiris,5.90E+09,Deutsche Schule der Borromäerinnen Kairo
Nathan_Blecharczyk,1.90E+09,Harvard University
Nathan_Kirsh,3.70E+09,Potchefstroom High School for Boys
Nathan_Kirsh,3.70E+09,University of the Witwatersrand
Naveen_Selvadurai,8.00E+07,King's College London
Naveen_Selvadurai,8.00E+07,Worcester Polytechnic Institute
Neil_Bluhm,3.00E+09,Northwestern University
Neil_Bluhm,3.00E+09,University of Illinois at Urbana–Champaign
Neil_Kadisha,1.76E+09,University of Manchester
Nelson_Peltz,1.35E+09,Wharton School of the University of Pennsylvania
Nichola_Pease,1.10E+09,University of Exeter
Nicholas_Schorsch,1.60E+09,Drexel University
Nick_Leslau,2.00E+08,Mill Hill School
Nick_Woodman,7.70E+08,University of California San Diego
Nicolas_Berggruen,2.00E+09,New York University
Nigella_Lawson,1.50E+07,Middle Ages
Nigella_Lawson,1.50E+07,Modern language
Nigella_Lawson,1.50E+07,Master of Arts (Oxbridge and Dublin)
Nigella_Lawson,1.50E+07,University of Oxford
Nigella_Lawson,1.50E+07,Lady Margaret Hall Oxford
Nihat_Özdemir,1.10E+09,Gazi University
Nikos_Pateras,1.10E+09,City University London
N._Murray_Edwards,2.20E+09,University of Saskatchewan
N._Murray_Edwards,2.20E+09,University of Toronto
N._R._Narayana_Murthy,1.80E+09,Indian Institute of Technology Kanpur
N._R._Narayana_Murthy,1.80E+09,University of Mysore
Nadhmi_Auchi,1.50E+09,Baghdad College
Nadhmi_Auchi,1.50E+09,Al-Mustansiriya University
Sara_Blakely,1.00E+09,Florida State University
Sean_Healey,1.00E+08,Harvard College
Sean_Healey,1.00E+08,Harvard Law School
Sean_Parker,2.50E+09,Oakton High School
Sean_Parker,2.50E+09,Chantilly High School
Semahat_Sevim_Arsel,2.40E+09,Robert College
Serge_Pun,5.00E+08,Basic Education High School No. 6 Botataung
Sergei_Viktorovich_Popov,4.60E+09,Ural State Technical University
Sergey_Brin,3.54E+10,Stanford University
Sergey_Brin,3.54E+10,University of Maryland College Park
Sergey_Brin,3.54E+10,Doctor of Philosophy
Sergio_Mantegazza,4.40E+09,Gademann_Business_School
Sergio_Mantegazza,4.40E+09,Istituto Elvetico Salesiani Don Bosco
Seth_Klarman,1.35E+09,Cornell University
Seth_Klarman,1.35E+09,Harvard Business School
Seymour_Schulich,1.75E+09,McGill University
Shahid_Khan,6.40E+09,Mechanical engineering
Shahid_Khan,6.40E+09,University of Illinois at Urbana–Champaign
Shane_Smith_(journalist),1.27E+09,Carleton University
Shane_Smith_(journalist),1.27E+09,Lisgar Collegiate Institute
Shawn_Fanning,7500000,Northeastern University
Sheila_Johnson,1.00E+09,Proviso East High School
Sheila_Johnson,1.00E+09,University of Illinois at Urbana–Champaign
Sheldon_Adelson,2.58E+10,City College of New York
Shelim_Hussain,8.00E+07,Coleg Glan Hafren
Shelim_Hussain,8.00E+07,List of places in Cardiff
Sheryl_Sandberg,1.31E+09,Harvard University
Sheryl_Sandberg,1.31E+09,Master of Business Administration
Shi_Yuzhu,4.00E+09,Zhejiang University
Shi_Yuzhu,4.00E+09,Shenzhen University
Shi_Zhengrong,2.90E+09,University of New South Wales
Shi_Zhengrong,2.90E+09,Changchun University of Science and Technology
Shin_Dong-bin,1.48E+09,Columbia University
Shin_Dong-bin,1.48E+09,Aoyama Gakuin University
Shiv_Nadar,1.19E+10,PSG College of Technology
Shoichiro_Toyoda,4.00E+08,Tohoku University
Shoichiro_Toyoda,4.00E+08,Nagoya University
Sid_Bass,3.00E+09,Yale University
Sid_Bass,3.00E+09,Stanford Graduate School of Business
Sidney_Kimmel,1.35E+09,Temple University
Simon_Cowell,3.25E+08,Dover College
Simon_Keswick,1.75E+09,Eton College
Simon_Keswick,1.75E+09,Trinity College Cambridge
Simon_Nixon,9.45E+08,St Richard Gwyn Catholic High School Flint
Simon_Nixon,9.45E+08,University of Nottingham
Soichiro_Fukutake,1.40E+09,Waseda University
Sokratis_Kokkalis,1.20E+09,Humboldt University of Berlin
Solomon_Lew,1.20E+09,Mount Scopus Memorial College
Song_Weiping,1.22E+09,Zhejiang University
Sri_Prakash_Lohia,4.20E+09,Bachelor of Commerce
Sri_Prakash_Lohia,4.20E+09,University of Delhi
Stanley_Druckenmiller,4.40E+09,Bowdoin College
"Stanley_Fink,_Baron_Fink",1.80E+08,Trinity Hall Cambridge
"Stanley_Fink,_Baron_Fink",1.80E+08,Manchester Grammar School
Stefan_Persson_(magnate),2.41E+10,Stockholm University
Stefano_Gabbana,1.56E+09,Istituto Superiore per le Industrie Artistiche
Stefano_Pessina,1.38E+10,Polytechnic University of Milan
Stelios_Haji-Ioannou,1.76E+09,London School of Economics
Stelios_Haji-Ioannou,1.76E+09,Cass Business School
Stephanie_McMahon,5.40E+07,Greenwich Country Day School
Stephanie_McMahon,5.40E+07,Boston University
Stephen_A._Jarislowsky,1.60E+09,Cornell University
Stephen_A._Jarislowsky,1.60E+09,Harvard Business School
Stephen_A._Schwarzman,9.70E+09,Yale University
Stephen_A._Schwarzman,9.70E+09,Harvard Business School
Stephen_Hillenburg,9.00E+07,Savanna High School
Stephen_Hillenburg,9.00E+07,California Institute of the Arts
Stephen_Hillenburg,9.00E+07,Humboldt State University
Stephen_M._Ross,6.70E+09,University of Michigan
Stephen_M._Ross,6.70E+09,Wayne State University
Stephen_M._Ross,6.70E+09,New York University
Stephen_Mandel_(hedge_fund_manager),1.80E+09,Dartmouth College
Stephen_Mandel_(hedge_fund_manager),1.80E+09,Harvard University
Stephen_Rubin,1.75E+09,Canford School
Stephen_Rubin,1.75E+09,University College London
Steve_Ballmer,2.40E+10,Stanford Graduate School of Business
Steve_Ballmer,2.40E+10,Harvard University
Steve_Bisciotti,3.30E+09,Salisbury University
Steve_Case,1.37E+09,Williams College
Steve_Chen,3.00E+08,University of Illinois at Urbana–Champaign
Steve_Ells,4.00E+08,University of Colorado Boulder
Steve_Ells,4.00E+08,The Culinary Institute of America
Steve_Feinberg,1.25E+09,Princeton University
Steve_Kirsch,2.30E+08,Massachusetts Institute of Technology
Steve_Wozniak,1.00E+08,University of California Berkeley
Steve_Wozniak,1.00E+08,De Anza College
Steve_Wynn,2.30E+09,University of Pennsylvania
Steven_A._Cohen,1.20E+10,Wharton School of the University of Pennsylvania
Steven_A._Kandarian,1.37E+07,Georgetown University
Steven_A._Kandarian,1.37E+07,Clark University
Steven_A._Kandarian,1.37E+07,Harvard Business School
Steven_F._Udvar-Házy,3.70E+09,University of California Los Angeles
Steven_M._Rales,3.80E+09,DePauw University
Steven_M._Rales,3.80E+09,Juris Doctor
Steven_R._Karp,1.00E+09,Boston University
Steven_Roth,1.00E+09,Dartmouth College
Steven_Roth,1.00E+09,Tuck School of Business
Steven_Spielberg,3.60E+09,Saratoga High School (California)
Steven_Spielberg,3.60E+09,California State University Long Beach
S._D._Shibulal,1.08E+09,Master of Science
S._D._Shibulal,1.08E+09,Boston University
S._D._Shibulal,1.08E+09,University of Kerala
S._Robson_Walton,3.21E+10,Columbia Law School
S._Robson_Walton,3.21E+10,University of Arkansas
S._Truett_Cathy,4.20E+09,Henry W. Grady High School
Sachin_Bansal,1.30E+09,Indian Institute of Technology Delhi
Sadruddin_Hashwani,1.10E+09,University of Karachi
Safra_A._Catz,5.25E+08,University of Pennsylvania
Safra_A._Catz,5.25E+08,University of Pennsylvania Law School
Saleh_Abdullah_Kamel,2.30E+09,King Abdulaziz University
Sam_Goi,2.10E+09,Dunman High School
Sam_Zell,4.80E+09,Juris Doctor
Sam_Zell,4.80E+09,Bachelor of Arts
Sameer_Gehlaut,1.23E+09,Indian Institute of Technology Delhi
Samprada_Singh,2.00E+09,Patna University
Sandro_Veronesi_(Entrepreneur),1.80E+09,University of Verona
Sanela_Diana_Jenkins,1.50E+08,University of London
Sanela_Diana_Jenkins,1.50E+08,University of Sarajevo
Sanford_Diller,1.30E+09,University of California Berkeley
Sanford_Diller,1.30E+09,University of California Hastings College of the Law
Sanford_I._Weill,1.00E+09,Cornell University
Stewart_Resnick,4.20E+09,University of California Los Angeles
Stewart_Resnick,4.20E+09,Juris Doctor
Stuart_A._Miller,9.00E+08,University of Miami
Stuart_A._Miller,9.00E+08,Harvard Business School
Suat_Günsel,1.10E+09,Educational psychology
Suat_Günsel,1.10E+09,Middle East Technical University
Sudhir_Ruparelia,8.00E+08,A-level
Suleyman_Kerimov,3.70E+09,english.html
Sultan_bin_Mohammed_bin_Saud_Al_Kabeer,3.50E+09,King Saud University
Sunil_Kant_Munjal,100000,The Doon School
Sunil_Mittal,7.30E+09,Panjab University Chandigarh
Susanne_Klatten,1.50E+10,International Institute for Management Development
"Swraj_Paul,_Baron_Paul",2.00E+09,Massachusetts Institute of Technology
"Swraj_Paul,_Baron_Paul",2.00E+09,Forman Christian College
Sylvester_Stallone,4.00E+08,University of Miami
Qasim_Ibrahim,6.00E+08,Honorary_Degree_Doctor_of_Entrepreneurship
Qasim_Ibrahim,6.00E+08,Open University Malaysia
Qi_Shi,4.20E+09,Fudan University
Qi_Shi,4.20E+09,Shanghai Jiao Tong University
Francois-Xavier_Souvay,1.15E+08,HEC Montréal
Frank_Batten,2.30E+09,University of Virginia
Frank_Batten,2.30E+09,Harvard University
Frank_Fertitta_III,1.40E+09,University of Southern California
Frank_Rainieri,1.00E+09,Saint Joseph's University
François-Henri_Pinault,1.38E+10,HEC Paris
Fred_DeLuca,3.50E+09,University of Bridgeport
Frederick_R._Koch,4.00E+09,Playwright
Frederick_R._Koch,4.00E+09,Bachelor of Arts
Frederick_R._Koch,4.00E+09,Master of Fine Arts
Frederick_R._Koch,4.00E+09,Liberal arts education
Frederick_R._Koch,4.00E+09,Harvard University
Frederick_W._Smith,3.60E+09,Yale University
Fredrik_Lundberg,1.50E+09,Stockholm School of Economics
Fahd_Hariri,1.07E+09,École Spéciale d'Architecture
Farhad_Moshiri_(businessman),1.84E+09,University College London
Fazle_Hasan_Abed,2.70E+09,Naval architecture
Fazle_Hasan_Abed,2.70E+09,University of Glasgow
Fazle_Hasan_Abed,2.70E+09,Dhaka College
Florentino_Pérez,2.00E+09,Technical University of Madrid
"Forrest_Mars,_Jr.",2.36E+10,Yale University
"Forrest_Mars,_Jr.",2.36E+10,Hotchkiss School
"Forrest_Mars,_Jr.",2.36E+10,New York University
"Forrest_Mars,_Sr.",4.00E+09,Yale University
Daryl_Katz,3.50E+09,Juris Doctor
Daryl_Katz,3.50E+09,Bachelor of Arts and Science
Daryl_Katz,3.50E+09,University of Alberta
David_Azrieli,3.10E+09,Technion – Israel Institute of Technology
David_Azrieli,3.10E+09,Carleton University
David_Azrieli,3.10E+09,Bachelor of Science
David_Bonderman,2.60E+09,University of Washington
David_Bonderman,2.60E+09,Harvard Law School
David_E._Shaw,3.60E+09,Stanford University
David_E._Shaw,3.60E+09,University of California San Diego
David_Einhorn_(hedge_fund_manager),1.93E+09,Cornell University
David_Filo,2.60E+09,Stanford University
David_Filo,2.60E+09,Tulane University
David_G._Booth,1.30E+09,University of Chicago
David_G._Booth,1.30E+09,University of Kansas
David_Geffen,6.50E+09,University of Texas at Austin
David_Gottesman,1.76E+09,Trinity College (Connecticut)
David_Gottesman,1.76E+09,Harvard University
David_Harding_(financier),1.00E+09,Pangbourne College
David_Harding_(financier),1.00E+09,St Catharine's College Cambridge
David_Koch,4.33E+10,Chemical engineering
David_Koch,4.33E+10,Master of Science
David_Koch,4.33E+10,Massachusetts Institute of Technology
David_Koch,4.33E+10,Master of Science
David_L._Hallal,7514610,University of New Hampshire
David_Rockefeller,3.00E+09,Doctor of Philosophy
David_Rockefeller,3.00E+09,Bachelor of Arts
David_Rockefeller,3.00E+09,University of Chicago
David_Rockefeller,3.00E+09,London School of Economics
David_Rockefeller,3.00E+09,Harvard University
David_Ross_(businessman),1.00E+09,Uppingham School
David_Ross_(businessman),1.00E+09,University of Nottingham
David_Rubenstein,2.50E+09,University of Chicago
David_Rubenstein,2.50E+09,Duke University
David_Tepper,1.14E+10,Carnegie Mellon University
David_Tepper,1.14E+10,University of Pittsburgh
DeShawn_Snow,1500000,Wayne Memorial High School
DeShawn_Snow,1500000,Michigan State University
DeVon_Franklin,1000000,University of Southern California
Deborah_Meaden,4.00E+07,City College Brighton & Hove
Declan_Donnelly,62,St Cuthbert's High School
Dee_Haslam,1.80E+09,University of Tennessee
Denis_O'Brien,5.80E+09,Boston College
Denis_O'Brien,5.80E+09,University College Dublin
Denise_Coates,3.90E+09,University of Sheffield
Dick_Enthoven,1.10E+09,University of Southern California
Dick_Enthoven,1.10E+09,London School of Economics
Diego_Della_Valle,1.60E+09,University of Bologna
Dilip_Shanghvi,1.75E+10,University of Calcutta
Ding_Lei,1.06E+10,University of Electronic Science and Technology of China
Ding_Shijia,1.00E+09,Businessperson
Ding_Shijia,1.00E+09,Fujian_Institute_of_Economics_and_Management
Dinu_Patriciu,2.70E+09,Ion Mincu University of Architecture and Urbanism
Dirk_Edward_Ziff,5.00E+09,Columbia University
Dirk_Edward_Ziff,5.00E+09,Harvard University
Dmitry_Kamenshchik,4.80E+09,Moscow State University
Dmitry_Mazepin,1.40E+09,Moscow State Institute of International Relations
Dmitry_Troitsky,1.00E+09,Bachelor of Arts
Dmitry_Troitsky,1.00E+09,Leningrad_Shipbuilding_Institute
Don_Hankey,2.30E+09,University of Southern California
Donald_Bren,1.51E+10,University of Washington
Donald_Fisher,3.30E+09,University of California Berkeley
Donald_Sterling,3.10E+09,California State University Los Angeles
Donald_Sterling,3.10E+09,Southwestern Law School
"Donald_Trump,_Jr.",2.75E+08,University of Pennsylvania
Dorabji_Tata,1.00E+07,University of Mumbai
Dorabji_Tata,1.00E+07,Gonville and Caius College Cambridge
Doug_Richard,7.50E+07,University of California
"Drayton_McLane,_Jr.",2.00E+09,Michigan State University
"Drayton_McLane,_Jr.",2.00E+09,Baylor University
Drew_Houston,1.30E+09,Massachusetts Institute of Technology
Dustin_Moskovitz,9.20E+09,Harvard University
Dan_Gilbert_(businessman),3.90E+09,Michigan State University
Dan_Gilbert_(businessman),3.90E+09,Wayne State University Law School
Daniel_A._D'Aniello,3.00E+09,Syracuse University
Daniel_A._D'Aniello,3.00E+09,Harvard Business School
Daniel_M._Ziff,5.00E+09,Columbia University
Daniel_Och,3.90E+09,University of Pennsylvania
Daniel_S._Loeb,2.60E+09,Columbia University
Daniel_Willis_James,2.60E+07,Amherst College
Barbra_Streisand,6.50E+08,Erasmus Hall High School
Barron_Hilton,2.50E+09,University of Southern California
Belmiro_de_Azevedo,1.50E+09,Stanford University
Belmiro_de_Azevedo,1.50E+09,Harvard University
Belmiro_de_Azevedo,1.50E+09,University of Porto
Ben_Silbermann,1.60E+09,Yale University
Ben_Stein,2.00E+07,Columbia University
Ben_Stein,2.00E+07,Yale Law School
Bernard_Arnault,3.61E+10,École Polytechnique
Bernard_Ashley_(businessman),6.00E+07,Whitgift School
Bernard_Broermann,2.90E+09,Harvard University
Bernard_Marcus,3.50E+09,Rutgers University
Bernard_Marcus,3.50E+09,Rutgers University
Bernard_Spitzer,5.00E+08,City College of New York
Bernardo_Matte,2.70E+09,Pontifical Catholic University of Chile
Bharat_Desai,2.50E+09,University of Michigan
Bharat_Desai,2.50E+09,Indian Institute of Technology Bombay
Bhavin_Turakhia,4.00E+08,Ruparel College
Bhavin_Turakhia,4.00E+08,Arya Vidya Mandir
Bhavin_Turakhia,4.00E+08,Sydenham College
Bill_Ackman,2.60E+09,Harvard College
Bill_Ackman,2.60E+09,Harvard Business School
Bill_Gross,2.30E+09,Duke University
Bill_Gross,2.30E+09,UCLA Anderson School of Management
Bill_Koch_(businessman),2.00E+09,Culver Academies
Billy_Graham,2.50E+07,Wheaton College (Illinois)
Billy_Graham,2.50E+07,Trinity College (Florida)
Billy_Graham,2.50E+07,Anthropology
Billy_Graham,2.50E+07,Wheaton College (Illinois)
Binny_Bansal,1.30E+09,Indian Institute of Technology Delhi
Biz_Stone,2.00E+08,University of Massachusetts
Biz_Stone,2.00E+08,Northeastern University
Bjørn_Kjos,1.50E+10,University of Oslo
Bjørn_Kjos,1.50E+10,Royal Norwegian Air Force Academy
Blair_Parry-Okeden,9.80E+09,La Pietra
Boaz_Weinstein,4.50E+08,University of Michigan
Bob_McNair,3.30E+09,University of South Carolina
Bob_Parsons,2.30E+09,University of Baltimore
Bobby_Murphy_(businessman),1.80E+09,Stanford University
Boris_Muzalev,1.61E+08,Odessa National Medical University
Brian_Acton,4.60E+09,Stanford University
Brian_Chesky,3.30E+09,Rhode Island School of Design
Brian_L._Roberts,1.47E+09,Germantown Academy
Brian_L._Roberts,1.47E+09,Wharton School of the University of Pennsylvania
Bruce_Halle,5.10E+09,Eastern Michigan University
Bruce_Karsh,1.65E+09,Duke University
Bruce_Karsh,1.65E+09,University of Virginia
Bruno_Schroder,5.00E+09,Eton College
Bruno_Schroder,5.00E+09,University College Oxford
Bruno_Schroder,5.00E+09,François Rabelais University
Bruno_Schroder,5.00E+09,Harvard Business School
Bülent_Eczacıbaşı,1.70E+09,Chemical engineering
Bülent_Eczacıbaşı,1.70E+09,Massachusetts Institute of Technology
Bülent_Eczacıbaşı,1.70E+09,University of London
Bülent_Eczacıbaşı,1.70E+09,Deutsche Schule Istanbul
Baba_Kalyani,2.70E+09,Massachusetts Institute of Technology
Baba_Kalyani,2.70E+09,Birla Institute of Technology and Science
Babak_Zanjani,1.35E+10,Ege University
Luis_Carlos_Sarmiento,1.25E+10,Civil engineer
Luis_Carlos_Sarmiento,1.25E+10,National University of Colombia
Lukas_Walton,2.80E+10,Journeys School
Lukas_Walton,2.80E+10,Colorado College
L._Ron_Hubbard,6.00E+08,George Washington University
Lady_Gaga,2.75E+08,New York University
Lakshmi_Mittal,9.80E+09,St. Xavier's College Kolkata
Lakshmi_Mittal,9.80E+09,Bachelor of Commerce
Larry_Ellison,4.38E+10,University of Chicago
Larry_Ellison,4.38E+10,University of Illinois at Urbana–Champaign
Larry_Page,3.62E+10,Stanford University
Larry_Page,3.62E+10,University of Michigan
Larry_Robbins,2.30E+09,University of Pennsylvania
Lauren_Conrad,2.50E+07,Laguna Beach High School
Lauren_Conrad,2.50E+07,Fashion Institute of Design & Merchandising
Laurene_Powell_Jobs,1.67E+10,University of Pennsylvania
Laurene_Powell_Jobs,1.67E+10,Stanford Graduate School of Business
Laurene_Powell_Jobs,1.67E+10,Master of Business Administration
Laurene_Powell_Jobs,1.67E+10,Bachelor of Science
Laurene_Powell_Jobs,1.67E+10,Bachelor of Arts
Lee_Bass,1.96E+09,Yale University
Lee_Bass,1.96E+09,Wharton School of the University of Pennsylvania
Lee_Jae-yong,7.90E+09,Seoul National University
Lee_Jae-yong,7.90E+09,Keio University
Lee_Jae-yong,7.90E+09,Harvard Business School
Lee_Kun-hee,1.08E+10,George Washington University
Lee_Kun-hee,1.08E+10,Waseda University
Lei_Jun,1.35E+10,Wuhan University
Leon_Black,4.50E+09,Dartmouth College
Leon_Black,4.50E+09,Harvard Business School
Leon_G._Cooperman,3.70E+09,Columbia University
Leon_G._Cooperman,3.70E+09,Hunter College
Leon_Levy,1.00E+09,City College of New York
Leonard_Blavatnik,1.68E+10,Columbia University
Leonard_Blavatnik,1.68E+10,Moscow State University of Railway Engineering
Leonard_Blavatnik,1.68E+10,Harvard University
Leonard_Lauder,9.10E+09,Columbia University
Leonard_Lauder,9.10E+09,University of Pennsylvania
Leonard_N._Stern,5.40E+09,New York University
Leonard_Schleifer,1.00E+09,University of Virginia
Leonard_Schleifer,1.00E+09,Cornell University
Leonid_Mikhelson,1.56E+10,Kuibyshev_Civil_Engineering_Institute
Les_Wexner,7.20E+09,Ohio State University
Leslie_Alexander_(businessman),1.54E+09,Thomas Jefferson School of Law
Leslie_Alexander_(businessman),1.54E+09,New York University
Li_Ka-shing,3.01E+10,High school dropouts
Li_Yong_(television_host),5.00E+08,Communication University of China
Li_Zhongchu,4.00E+09,Bachelor of Science
Li_Zhongchu,4.00E+09,Wuhan University
Linda_McMahon,8.55E+08,East Carolina University
Liu_Qiangdong,8.90E+09,Renmin University of China
Lorenzo_Fertitta,1.60E+09,University of San Diego
Lorenzo_Fertitta,1.60E+09,New York University Stern School of Business
Lorenzo_Mendoza,2.70E+09,MIT Sloan School of Management
Lorenzo_Mendoza,2.70E+09,Fordham University
Louis_Bacon,1.81E+09,Columbia Business School
Louis_Bacon,1.81E+09,Middlebury College
Louis_V._Gerstner_Jr.,6.30E+08,Dartmouth College
Louis_V._Gerstner_Jr.,6.30E+08,Harvard Business School
Lu_Guanqiu,6.50E+09,Zhejiang University
Lucio_Tan,4.20E+09,Chiang Kai Shek College
Lucio_Tan,4.20E+09,Far Eastern University
Ole_Andreas_Halvorsen,2.80E+09,Williams College
Ole_Andreas_Halvorsen,2.80E+09,Stanford Graduate School of Business
Oleg_Deripaska,2.50E+09,Moscow State University
Oleg_Deripaska,2.50E+09,Plekhanov Russian University of Economics
Olive_Willis,16510,Roedean School
Olive_Willis,16510,Somerville College Oxford
Olivia_Lum,4.60E+08,National University of Singapore
Omid_Kordestani,5.00E+08,San Jose State University
Omid_Kordestani,5.00E+08,Stanford Graduate School of Business
Oprah_Winfrey,3.10E+09,Tennessee State University
Oscar_Wyatt,1.00E+08,Texas A&M University
Oscar_Wyatt,1.00E+08,Mechanical engineering
Otto_Happel,2.60E+09,RWTH Aachen University
Otumfuo_Nana_Osei_Tutu_II,1.60E+10,University of Professional Studies
Owen_Oyston,100000000,St Mary's Catholic Academy
Walid_Juffali,4.00E+09,Imperial College London
Walid_Juffali,4.00E+09,University of San Diego
Wang_Chuanfu,4.70E+09,Central South University
Wang_Chuanfu,4.70E+09,Beijing_Non-Ferrous_Research_Institute
Wang_Jianlin,2.91E+10,Liaoning University
Wang_Wenjing,2.70E+09,Jiangxi University of Finance and Economics
Wang_Yusuo,3.20E+09,Renmin University of China
Wang_Yusuo,3.20E+09,Tianjin University
Warren_Buffett,6.10E+10,Economics
Warren_Buffett,6.10E+10,Master of Science
Warren_Buffett,6.10E+10,Columbia Business School
Warren_Buffett,6.10E+10,University of Nebraska–Lincoln
Wendy_Williams,6.00E+07,Northeastern University
Whitney_MacMillan,4.60E+09,Yale University
Wilbur_Ross,2.90E+09,Yale University
Wilbur_Ross,2.90E+09,Xavier High School (New York City)
Wilbur_Ross,2.90E+09,Harvard Business School
"William_Backhouse_Astor,_Jr.",7.20E+07,Columbia College Columbia University
"William_Clay_Ford,_Sr.",1.40E+09,Yale University
"William_Clay_Ford,_Sr.",1.40E+09,Hotchkiss School
"William_E._Conway,_Jr.",2.50E+09,Dartmouth College
"William_E._Conway,_Jr.",2.50E+09,Booth School of Business
William_Nelson_Cromwell,1.50E+07,Columbia Law School
William_Randolph_Hearst_III,1.80E+09,Harvard University
William_S._Fisher,1.55E+09,Princeton University
William_S._Fisher,1.55E+09,Stanford University
William_Thomas_Stead,13000,Silcoates School
"William_Wrigley,_Jr._II",2.60E+09,Phoenix Country Day School
Willis_Sharpe_Kilmer,15000000,Cornell University
Wolfgang_Marguerre,2.80E+09,Heidelberg University
Wolfgang_Marguerre,2.80E+09,INSEAD
Yuri_Milner,3.10E+09,Wharton School of the University of Pennsylvania
Yuri_Milner,3.10E+09,Moscow State University
Yvonne_Bauer,2.70E+09,University of Bamberg
Yang_Huiyan,5.10E+09,Ohio State University
Yang_Yuanqing,1.25E+09,University of Science and Technology of China
Yang_Yuanqing,1.25E+09,Shanghai Jiao Tong University
Yashoda_Naidoo,1800000,University of Natal
Yashoda_Naidoo,1800000,University of South Africa
Yiorgos_Vardinogiannis,1.50E+09,Hellenic Naval Academy
Yoel_Bouza,1.50E+08,Florida International University
Yoshikazu_Tanaka,1.90E+09,Nihon University
Ömer_Sabancı,3.00E+09,Economics
Ömer_Sabancı,3.00E+09,University of Delaware
M_G_George_Muthoot,1.14E+09,Manipal Institute of Technology
Ma_Huateng,1.88E+10,Shenzhen University
Madonna_(entertainer),5.20E+08,University of Michigan
Mahdi_Al_Tajir,1.67E+09,Winckley Square
Malcolm_Forbes,4.00E+08,Political science
Malcolm_Forbes,4.00E+08,Princeton University
Malcolm_Forbes,4.00E+08,Lawrenceville School
Manoj_Bhargava,1.50E+09,Princeton University
Manuel_Moroun,2.00E+09,University of Notre Dame
Marc_Andreessen,6.00E+08,University of Illinois at Urbana–Champaign
Marc_Benioff,3.80E+09,University of Southern California
Marc_Lasry,1.90E+09,Clark University
Marc_Lasry,1.90E+09,New York Law School
Marc_Rowan,2.83E+09,Wharton School of the University of Pennsylvania
Marcel_Herrmann_Telles,1.28E+10,Federal University of Rio de Janeiro
Marcel_Herrmann_Telles,1.28E+10,Harvard University
Marcos_Galperin,4.00E+08,Stanford University
Marcos_Galperin,4.00E+08,Wharton School of the University of Pennsylvania
Matthew_Bucksbaum,1.20E+09,University of Iowa
Matthew_Freud,1.70E+07,Westminster School
Matthew_K._McCauley,8787661,Brigham Young University
Matthew_McConaughey,7.50E+07,University of Texas at Austin
Maurice_Lévy_(Publicis),1.73E+08,New Jersey City University
Max_Levchin,3.00E+09,University of Illinois at Urbana–Champaign
Meg_Whitman,2.10E+09,Princeton University
Meg_Whitman,2.10E+09,Harvard Business School
Mehmet_Emin_Karamehmet,1.15,Dover College
Mehmet_Emin_Karamehmet,1.15,Robert College
Mel_B,3.30E+07,Leeds West Academy
Mian_Muhammad_Mansha,4.00E+09,University of the Punjab
Michael_Ashcroft,8.65E+08,Royal Grammar School High Wycombe
Michael_Ashcroft,8.65E+08,Norwich School (independent school)
Michael_Ashcroft,8.65E+08,Anglia Ruskin University
Michael_Dell,2.01E+10,University of Texas at Austin
Michael_Eisner,1.00E+09,Denison University
Michael_F._Price,1.25E+09,University of Oklahoma
Michael_Flatley,2.25E+08,Brother Rice High School (Chicago)
Michael_Heisley,1.60E+09,Georgetown University
Michael_Jaharis,2.20E+09,Carroll University
Michael_Jaharis,2.20E+09,DePaul University College of Law
Michael_Kadoorie,5.70E+09,Institut Le Rosey
Michael_Klein_(businessman),1.30E+09,Fundação Getúlio Vargas
Michael_Kors,1.00E+09,Fashion Institute of Technology
Michael_Kors,1.00E+09,New York City
Michael_Krasny_(businessman),1.10E+09,University of Illinois at Urbana–Champaign
Michael_Moritz,3.00E+09,Christ Church Oxford
Michael_Moritz,3.00E+09,Wharton School of the University of Pennsylvania
Michael_Platt_(financier),1.50E+09,London School of Economics
Michael_Sherwood_(banker),1.85E+08,Westminster School
Michael_Stoschek,2.40E+09,Casimirianum Coburg
Michael_Uren,1.70E+08,Sherborne School
Mike_Adenuga,3.20E+09,Ibadan Grammar School
Mike_Adenuga,3.20E+09,Northwestern Oklahoma State University
Mike_Adenuga,3.20E+09,Pace University
Margarita_Louis-Dreyfus,8.40E+09,Moscow State University
Mario_Gabelli,1.10E+09,Columbia Business School
Mario_Gabelli,1.10E+09,Fordham University
Marissa_Mayer,3.80E+08,Stanford University
Marjorie_Yang,1.00E+09,Massachusetts Institute of Technology
Marjorie_Yang,1.00E+09,Harvard Business School
Mark_Coombs,1.80E+09,Dulwich College
Mark_Coombs,1.80E+09,St John's College Cambridge
Mark_Cuban,3.20E+09,University of Pittsburgh
Mark_Cuban,3.20E+09,Kelley School of Business
Mark_McDonald_(entrepreneur),5.80E+07,Monash University
Mark_Pears,2.10E+09,City of London School
Mark_Pears,2.10E+09,Harvard Business School
Mark_Pincus,1.10E+09,University of Pennsylvania
Mark_Pincus,1.10E+09,Harvard University
Mark_Stevens_(venture_capitalist),1.83E+09,University of Southern California
Mark_Stevens_(venture_capitalist),1.83E+09,Harvard University
Mark_Zuckerberg,4.60E+10,Harvard University
Martha_Firestone_Ford,1.36E+09,Vassar College
Martha_Firestone_Ford,1.36E+09,Bachelor's degree
Martin_Naughton_(businessman),1.25E+09,De La Salle College Dundalk
Martin_Sorrell,2.57E+08,Christ's College Cambridge
Martin_Sorrell,2.57E+08,Haberdashers' Aske's Boys' School
Martin_Sorrell,2.57E+08,Harvard University
Mary_Perkins,1.45E+09,Fairfield Grammar School
Mary_Perkins,1.45E+09,Cardiff University
María_Asunción_Aramburuzabala,5.20E+09,Instituto Tecnológico Autónomo de México
Masayoshi_Son,1.52E+10,Jefferson Union High School District
Masayoshi_Son,1.52E+10,University of California Berkeley
Masayoshi_Son,1.52E+10,Holy Names University
Matt_Cohler,7.00E+08,Yale University
Mike_Krieger,1.00E+08,Stanford University
Mike_Lazaridis,7.00E+08,University of Waterloo
Mikee_Romero,3.75E+08,De La Salle University
Mikhael_Mirilashvili,3.00E+09,Saint Petersburg State University
Mikhail_Gutseriyev,2.40E+09,Plekhanov Russian University of Economics
Mikhail_Gutseriyev,2.40E+09,Gubkin Russian State University of Oil and Gas
Mikhail_Khodorkovsky,15000000000,D. Mendeleev University of Chemical Technology of Russia
Mikhail_Prokhorov,7.80E+09,Financial University under the Government of the Russian Federation
Min_Kao,2.60E+09,National Taiwan University
Min_Kao,2.60E+09,University of Tennessee
Minoru_Mori,1.40E+09,University of Tokyo
Miroslav_Mišković,5.07E+08,Finance
Miroslav_Mišković,5.07E+08,University of Belgrade
Mitchell_Rales,4.00E+09,Miami University
Mo_Ibrahim,1.10E+09,University of Birmingham
Mo_Ibrahim,1.10E+09,University of Bradford
Mo_Ibrahim,1.10E+09,Alexandria University
Mohammed_Al_Barwani,1.11E+09,Miami University
Mohammed_Al_Barwani,1.11E+09,Heriot-Watt University
Moosa_Bin_Shamsher,1.20E+10,California State University
Mortimer_Zuckerman,2.40E+09,Wharton School of the University of Pennsylvania
Mortimer_Zuckerman,2.40E+09,McGill University
Mortimer_Zuckerman,2.40E+09,Harvard Law School
Mortimer_Zuckerman,2.40E+09,Bachelor of Civil Law
Mukesh_Ambani,2.01E+10,Stanford University
Mukesh_Ambani,2.01E+10,Forest School Walthamstow
Mukesh_Ambani,2.01E+10,Institute of Chemical Technology
Munib_al-Masri,5.00E+09,University of Texas at Austin
Munib_al-Masri,5.00E+09,An-Najah National University
Şevket_Sabancı,7,Textile manufacturing
Şevket_Sabancı,7,University of Manchester Institute of Science and Technology
"Edgar_Bronfman,_Sr.",2.60E+09,Williams College
"Edgar_Bronfman,_Sr.",2.60E+09,McGill University
Edgar_E._Rand,2523854,Webb School (Bell Buckle Tennessee)
Edmund_Ansin,1.40E+09,University of Pennsylvania
Edmund_Ansin,1.40E+09,Wharton School of the University of Pennsylvania
Eduardo_Saverin,7.20E+09,Harvard University
Edward_Harkness,1.55E+08,St Paul's School London
Edward_Harkness,1.55E+08,Columbia Law School
Edward_Harkness,1.55E+08,Yale College
"Edward_J._DeBartolo,_Jr.",2.70E+09,University of Notre Dame
"Edward_Johnson,_III",7.50E+09,Milton Academy
"Edward_Johnson,_III",7.50E+09,Tabor Academy (Massachusetts)
Edward_Julius_Berwind,3.50E+07,United States Naval Academy
Edward_P._Roski,4.00E+09,University of Southern California
Edward_P._Roski,4.00E+09,Bachelor of Science
Edward_W._Stack,1.15E+09,St. John Fisher College
Edwin_Davies,100,Farnworth Grammar School
Edwin_Soeryadjaya,1.00E+09,University of Southern California
Eike_Batista,9.00E+08,RWTH Aachen University
Elaine_Wynn,1.20E+09,George Washington University
Eli_Broad,7.40E+09,Michigan State University
Eliodoro_Matte,2.70E+09,Booth School of Business
Eliodoro_Matte,2.70E+09,Pontifical Catholic University of Chile
Elizabeth_Holmes,3.60E+09,Stanford University
Elizabeth_Noyce,1.00E+08,Tufts University
Ellis_Abraham_Franklin,511000,Manchester Grammar School
Ellis_Short,2.40E+09,Missouri University of Science and Technology
Elon_Musk,1.07E+10,Pretoria Boys High School
Elon_Musk,1.07E+10,Waterkloof House Preparatory School
Elwood_Haynes,2850000,Chemistry
Elwood_Haynes,2850000,Metallurgy
Elwood_Haynes,2850000,Biology
Elwood_Haynes,2850000,Johns Hopkins University
Elwood_Haynes,2850000,Worcester Polytechnic Institute
Emil_Hurezeanu,6,Master of Arts
Emil_Hurezeanu,6,University of Virginia
Emil_Hurezeanu,6,Boston University
Emil_Hurezeanu,6,Babeș-Bolyai University
Emilio_Azcárraga_Jean,2.00E+09,Universidad Iberoamericana
Emilio_Azcárraga_Jean,2.00E+09,Lakefield College School
Emilio_Botín,1.10E+09,University of Deusto
Emmanuel_Besnier,6.70E+09,Lycée_de_l'Immaculée-Conception
Enrique_K._Razon,5.50E+09,De La Salle University
Enrique_K._Razon,5.50E+09,Business administration
Eric_Lefkofsky,1.70E+09,University of Michigan
Eric_R._George,2.25E+08,Michigan State University
Eric_R._George,2.25E+08,Marshall University
Eric_Schmidt,1.03E+10,Princeton University
Eric_Schmidt,1.03E+10,University of California Berkeley
Eric_Trump,1.50E+08,The Hill School
Eric_Trump,1.50E+08,Trinity School (New York City)
Eric_Trump,1.50E+08,Georgetown University
Erick_Thohir,9.60E+08,Glendale Community College (California)
Erick_Thohir,9.60E+08,National University (California)
Ernesto_Bertarelli,8.70E+09,Babson College
Ernesto_Bertarelli,8.70E+09,Harvard Business School
Erol_Sabancı,1.30E+09,Harris Manchester College Oxford
Eugene_Kaspersky,1.04E+09,Moscow State University
Eugene_Kaspersky,1.04E+09,Institute of Cryptography Telecommunications and Computer Science
Eugene_Shvidler,1.20E+09,Fordham University
Eugene_Shvidler,1.20E+09,Gubkin Russian State University of Oil and Gas
Eugenio_Lopez_III,9.00E+07,Bowdoin College
Eugenio_Lopez_III,9.00E+07,Harvard Business School
Eva_Gonda_de_Rivera,6.80E+09,Monterrey Institute of Technology and Higher Education
Evan_Spiegel,2.10E+09,Stanford University
Evelyn_Robert_de_Rothschild,2.00E+10,Trinity College Cambridge
Evelyn_Robert_de_Rothschild,2.00E+10,Harrow School
Ian_Davis_(businessman),50,University of Oxford
Ian_Davis_(businessman),50,Balliol College Oxford
Ian_Livingstone_(property_developer),2.60E+09,St Paul's School London
Ian_Livingstone_(property_developer),2.60E+09,City University London
Ian_Wood_(businessman),2.15E+09,Robert Gordon's College
Ian_Wood_(businessman),2.15E+09,University of Aberdeen
Idan_Ofer,4.10E+09,London Business School
Idan_Ofer,4.10E+09,University of Haifa
Igor_Olenicoff,3.60E+09,University of Southern California
Igor_Zyuzin,1.80E+09,Tula_Polytechnic_Institute
Indra_Nooyi,1.44E+08,Indian Institute of Management Calcutta
Indra_Nooyi,1.44E+08,Madras Christian College
Indra_Nooyi,1.44E+08,Yale School of Management
Inna,1.00E+07,Ovidius University
Ioan_Niculae,1.20E+09,Ștefan Gheorghiu Academy
Ira_Rennert,6.10E+09,Brooklyn College
Ira_Rennert,6.10E+09,New York University
"Irvine_Laidlaw,_Baron_Laidlaw",7.45E+08,Merchiston Castle School
"Irvine_Laidlaw,_Baron_Laidlaw",7.45E+08,Columbia Business School
"Irvine_Laidlaw,_Baron_Laidlaw",7.45E+08,University of Leeds
Irwin_M._Jacobs,1.23E+09,Massachusetts Institute of Technology
Irwin_M._Jacobs,1.23E+09,Cornell University
Irwin_M._Jacobs,1.23E+09,Doctor of Science
Isabel_dos_Santos,3.40E+09,King's College London
Iskander_Makhmudov,6.50E+09,Tashkent University of Information Technologies
Israel_Englander,4.80E+09,New York University
Ivica_Todorić,5.73E+08,University of Zagreb
Theodore_Angelopoulos,6.30E+08,University of Zurich
"Thomas_F._Frist,_Jr.",8.10E+09,Washington University in St. Louis
"Thomas_F._Frist,_Jr.",8.10E+09,Vanderbilt University
Thomas_H._Lee_(businessman),2.00E+09,Harvard College
Thomas_J._Autzen,2800000,Oregon State University
Thomas_Kwok,1.63E+10,Imperial College London
Thomas_Kwok,1.63E+10,London Business School
Thomas_Peterffy,1.09E+10,Clark University
Thomas_Pritzker,2.90E+09,Booth School of Business
Thomas_Secunda,1.90E+09,Binghamton University
Thomas_Siebel,2.00E+09,University of Illinois at Urbana–Champaign
Thomas_Siebel,2.00E+09,Master of Business Administration
Thomas_Siebel,2.00E+09,Bachelor of Arts
Thomas_W._Lamont,2.50E+07,Phillips Exeter Academy
Thomas_W._Lamont,2.50E+07,Harvard University
Tim_Cook,7.85E+08,Duke University
Tim_Cook,7.85E+08,Auburn University
Tim_Cook,7.85E+08,Master of Business Administration
Tim_Cook,7.85E+08,Bachelor of Science
Timothy_Boyle,1.71E+09,University of Oregon
Timur_Kulibayev,2.10E+09,Moscow State University
Tom_Benson,2.20E+09,Brother Martin High School
Tom_Benson,2.20E+09,Loyola University New Orleans
Tom_Golisano,1.90E+09,Alfred State College
Tom_Gores,3.30E+09,Michigan State University
Tom_Hanks,3.90E+08,California State University Sacramento
Tom_Hanks,3.90E+08,Chabot College
Tom_Love,3.90E+09,St. Gregory's University
Tom_Persson,2.90E+09,Met Film School
Tom_Steyer,1.60E+09,Stanford Graduate School of Business
Tom_Steyer,1.60E+09,Yale College
Tony_Fernandes,2.30E+08,Epsom College
Tony_Fernandes,2.30E+08,Alice Smith School
Tony_Fernandes,2.30E+08,London School of Economics
Tony_Hsieh,8.40E+08,Harvard University
Tony_Ressler,1.42E+09,Columbia University
Tony_Ressler,1.42E+09,Georgetown University
Tony_Tan_(entrepreneur),2.60E+09,Chiang Kai Shek College
Tony_Tan_(entrepreneur),2.60E+09,University of Santo Tomas
Tory_Burch,1.00E+09,University of Pennsylvania
Travis_Barker,8.50E+07,Fontana High School
Trevor_Rees-Jones,5.20E+09,Highland Park High School (University Park Texas)
Tuncay_Özilhan,1.60E+09,Long Island University
Tuncay_Özilhan,1.60E+09,Istanbul University
Ty_Warner,2.50E+09,Kalamazoo College
T._Boone_Pickens,1.00E+09,Oklahoma State University–Stillwater
T._Denny_Sanford,1.40E+09,University of Minnesota
T._S._Kalyanaraman,1.00E+09,Sree Kerala Varma College
Taizo_Son,1.20E+09,University of Tokyo
Tamara_Gustavson,4.30E+09,University of Southern California
Ted_Leonsis,1.00E+09,Georgetown University
Ted_Lerner,5.20E+09,George Washington University
Ted_Lerner,5.20E+09,George Washington University Law School
Ted_Turner,2.20E+09,The McCallie School
Ted_Turner,2.20E+09,Brown University
Teresa_Heinz,1.00E+09,University of the Witwatersrand
Teresa_Heinz,1.00E+09,University of Geneva
Terrence_Pegula,4.00E+09,Pennsylvania State University
Jerry_Speyer,4.00E+09,Columbia University
Jessie_Ball_duPont,4.20E+07,Longwood University
Jim_Balsillie,8.00E+08,Wilfrid Laurier University
Jim_Balsillie,8.00E+08,University of Toronto
Jim_Balsillie,8.00E+08,Harvard Business School
Jim_Breyer,2.00E+09,Stanford University
Jim_Breyer,2.00E+09,Harvard University
Jim_Buckmaster,4.00E+07,University of Michigan
Jim_Buckmaster,4.00E+07,Virginia Tech
Jim_Davis_(business),5.20E+09,Middlebury College
Jim_Irsay,2.30E+09,Southern Methodist University
Jim_Justice,1.69E+09,Marshall University
Jim_McColl,1.00E+09,University of Strathclyde
Jim_McColl,1.00E+09,Stonelaw High School
Jim_Pattison,6.60E+09,University of British Columbia
Jim_Ratcliffe,3.20E+09,Beverley Grammar School
Jim_Ratcliffe,3.20E+09,University of Birmingham
Jim_Ratcliffe,3.20E+09,London Business School
Jim_Walton,3.38E+10,University of Arkansas
Jimmy_Haslam,3.00E+09,University of Tennessee
Joan_Tisch,2.80E+09,University of Michigan
Joe_Craft,1.40E+09,University of Kentucky
Joe_Jamail,1.50E+09,University of Texas at Austin
Joe_Mansueto,2.20E+09,Munster High School
Joe_Ricketts,1.00E+09,Creighton University
Joe_Robbie,1.00E+08,Northern State University
Joe_Robbie,1.00E+08,University of South Dakota School of Law
Johann_Rupert,7.90E+09,Stellenbosch University
John_Abele,6.03E+08,Amherst College
John_Arrillaga,2.30E+09,Stanford University
John_C._Malone,6.50E+09,Yale University
John_C._Malone,6.50E+09,Johns Hopkins University
John_C._Malone,6.50E+09,New York University
John_C._Malone,6.50E+09,Doctor of Philosophy
John_Caudwell,2.60E+09,Berry Hill High School and Sports College
John_Chuang,9.65E+08,University of Liverpool
John_Coates_(businessman),1.94E+09,University of Bristol
John_Doerr,4.10E+09,Rice University
John_Doerr,4.10E+09,Harvard Business School
James_Packer,3.50E+09,Sydney
James_Packer,3.50E+09,Cranbrook School Sydney
James_Pallotta,1.00E+09,University of Massachusetts Amherst
James_Pallotta,1.00E+09,Northeastern University
James_R._Leininger,1.30E+09,Indiana University
James_R._Leininger,1.30E+09,Doctor of Medicine
Jamie_Dimon,1.1,Tufts University
Jamie_Dimon,1.1,Harvard Business School
Jamsetji_Tata,1000000,Elphinstone College
Jamshyd_Godrej,4.80E+09,Illinois Institute of Technology
Jan_Koum,8.60E+09,San Jose State University
Jane_Lauder,1.40E+09,Stanford University
Jane_Wanjiru_Michuki,50,University of Warwick
Jane_Wanjiru_Michuki,50,University of Nairobi
Jane_Wanjiru_Michuki,50,Kenya School of Law
Jean_Claude_Gandur,2.30E+09,University of Lausanne
Jean_Claude_Gandur,2.30E+09,Pantheon-Sorbonne University
Jean_Coutu_(pharmacist),2.30E+09,Université de Montréal
Jeff_Bezos,4.89E+10,Princeton University
Jeff_Greene,3.00E+09,Johns Hopkins University
Jeff_Greene,3.00E+09,Harvard Business School
Jeff_Sutton_(real_estate_developer),3.40E+09,University of Pennsylvania
Jeffrey_Kang,1.20E+09,South China University of Technology
Jeffrey_Katzenberg,9.57E+08,Ethical Culture Fieldston School
Jeffrey_Lorberbaum,1.70E+09,Bachelor of Arts
Jeffrey_Lurie,1.64E+09,Boston University
Jeffrey_Lurie,1.64E+09,Brandeis University
Jeffrey_Lurie,1.64E+09,Clark University
Jenni_Rivera,3.00E+08,California State University
Jenni_Rivera,3.00E+08,Long Beach City College
Jennifer_Pritzker,1.70E+09,Loyola University Chicago
Jeremy_Jacobs,3.60E+09,University at Buffalo
Jerome_Booth,1.12E+08,University of Oxford
Jerome_Booth,1.12E+08,University of Bristol
"Jerome_Kohlberg,_Jr.",1.20E+09,Swarthmore College
"Jerome_Kohlberg,_Jr.",1.20E+09,Columbia Law School
"Jerome_Kohlberg,_Jr.",1.20E+09,Harvard Business School
Jerry_Bruckheimer,8.50E+08,University of Arizona
Jerry_Reinsdorf,1.20E+09,George Washington University
Jerry_Reinsdorf,1.20E+09,Northwestern University School of Law
John_Francis_Hylan,5000,New York Law School
John_Franklyn_Mars,2.36E+10,Yale University
John_Franklyn_Mars,2.36E+10,Hotchkiss School
John_Gokongwei,5.00E+09,De La Salle University
John_Griffin_(businessman),1.40E+08,Finchley Catholic High School
John_Hagee,5000000,Bachelor of Science
John_Hagee,5000000,University of North Texas
John_Hagee,5000000,Trinity University (Texas)
John_Hugh_MacMillan,1.70E+09,Blake School (Minneapolis)
John_Hugh_MacMillan,1.70E+09,Berkshire School
John_Hugh_MacMillan,1.70E+09,University of Minnesota
John_J._Fisher,2.40E+09,Princeton University
John_J._Fisher,2.40E+09,Stanford University
John_Jacob_Astor_IV,8.50E+07,St. Paul's School (New Hampshire)
John_Kluge,6.50E+09,Columbia University
John_Mackey_(businessman),1.00E+08,University of Texas at Austin
"John_Menard,_Jr.",9.10E+09,University of Wisconsin–Eau Claire
John_Morgridge,1.00E+09,Stanford University
John_Morgridge,1.00E+09,University of Wisconsin–Madison
John_Ordronaux_(doctor),2757000,Dartmouth College
John_Ordronaux_(doctor),2757000,Harvard Law School
John_Ordronaux_(doctor),2757000,National_Medical_School
John_Paulson,9.80E+09,New York University
John_Paulson,9.80E+09,Harvard Business School
John_Paulson,9.80E+09,Master of Business Administration
John_Paulson,9.80E+09,Bachelor of Science
John_Pritzker,2.30E+09,Menlo College
John_Riccitiello,1.00E+07,Bachelor of Science
John_Riccitiello,1.00E+07,University of California Berkeley
John_S._Middleton,1.80E+09,Amherst College
John_S._Middleton,1.80E+09,Harvard Business School
"John_Sainsbury,_Baron_Sainsbury_of_Preston_Candover",1.30E+09,Worcester College Oxford
John_Thompson_Dorrance,1.15E+08,Massachusetts Institute of Technology
John_Thompson_Dorrance,1.15E+08,University of Göttingen
John_Tu,4.60E+09,Technische Universität Darmstadt
Johnnie_Boden,3.00E+08,Eton College
Johnnie_Boden,3.00E+08,Hawtreys
Johnnie_Boden,3.00E+08,Oriel College Oxford
Jon_Hunt,1.19E+09,Millfield
Jon_Oringer,1.00E+09,Columbia University
Jon_Oringer,1.00E+09,Stony Brook University
Jonathan_D._Gray,1.66E+09,University of Pennsylvania
"Jonathan_Harmsworth,_4th_Viscount_Rothermere",1.37E+09,Gordonstoun
"Jonathan_Harmsworth,_4th_Viscount_Rothermere",1.37E+09,Duke University
Jonathan_Ive,1.30E+08,Northumbria University
Jonathan_M._Nelson,1.76E+09,Brown University
Jonathan_M._Nelson,1.76E+09,Harvard Business School
Jonathan_Manzi,1000000,Stanford University
Jonathan_Ruffer,3.80E+08,Marlborough College
Jonathan_Ruffer,3.80E+08,Sidney Sussex College Cambridge
Jorge_Gerdau_Johannpeter,9.26E+08,Federal University of Rio Grande do Sul
Jorge_Paulo_Lemann,2.82E+10,Harvard University
Joseph_Grendys,1.74E+09,Holy Cross High School (River Grove Illinois)
Joseph_Grendys,1.74E+09,Loyola University Chicago
Joseph_Lau,1.31E+10,University of Windsor
Joseph_Parnes,1.40E+08,University of Louisiana at Lafayette
Josh_James,1.00E+08,Brigham Young University
Joshua_Harris_(businessman),2.40E+09,Wharton School of the University of Pennsylvania
Joshua_Harris_(businessman),2.40E+09,Harvard Business School
José_Miguel_Bonetti,1.00E+09,Juris Doctor
José_Miguel_Bonetti,1.00E+09,Bachelor of Economics
Judith_Faulkner,2.60E+09,Dickinson College
Judith_Faulkner,2.60E+09,University of Wisconsin–Madison
Julian_Robertson,3.40E+09,University of North Carolina at Chapel Hill
J.B._Pritzker,3.40E+09,Duke University
J.B._Pritzker,3.40E+09,Northwestern University School of Law
J._Christopher_Burch,1.00E+09,Ithaca College
J._Christopher_Flowers,1.40E+09,Harvard University
J._Darius_Bikoff,3.25E+08,Colgate University
J._Michael_Pearson,1.50E+09,Duke University
J._Michael_Pearson,1.50E+09,University of Virginia
J._R._Simplot,3.60E+09,Eighth grade
Jack_C._Taylor,8.60E+09,Washington University in St. Louis
Jack_Davis_(industrialist),18.2,University at Buffalo
Jack_Dellal,4.30E+09,Manchester
Jack_Dellal,4.30E+09,Heaton Moor
Jack_Dorsey,2.30E+09,New York University
Jack_Dorsey,2.30E+09,Missouri University of Science and Technology
Jack_Ma,2.36E+10,Cheung Kong Graduate School of Business
Jack_Ma,2.36E+10,Hangzhou Normal University
Jack_Welch,7.50E+08,University of Massachusetts Amherst
Jack_Welch,7.50E+08,University of Illinois at Urbana–Champaign
Jack_Welch,7.50E+08,Chemical engineering
Jack_Welch,7.50E+08,Doctor of Philosophy
Jack_Welch,7.50E+08,Bachelor of Science
Jack_Welch,7.50E+08,Master of Science
Jack_Wrather,1.50E+08,University of Texas at Austin
Jacky_Xu,1000000,Nanyang Technological University
Jacky_Xu,1000000,University of Liverpool
Jacky_Xu,1000000,Harvard University
Jacqueline_Mars,2.36E+10,Miss Hall's School
Jacqueline_Mars,2.36E+10,Bryn Mawr College
Jaime_Aristotle_Alip,6000000,University of the Philippines
Jaime_Aristotle_Alip,6000000,Harvard Business School
Jaime_Gilinski_Bacal,2.90E+09,Harvard Business School
James_C._Kennedy,9.80E+09,University of Denver
James_Cameron,1.79E+09,Brea Olinda High School
James_Cayne,6.10E+07,Purdue University
James_Dinan,1.60E+09,University of Pennsylvania
James_Dinan,1.60E+09,Harvard University
James_Douglas_(businessman),1.80E+07,Laval University
James_Douglas_(businessman),1.80E+07,Queen's University
James_Douglas_(businessman),1.80E+07,University of Edinburgh
James_Douglas_(businessman),1.80E+07,Martin Luther University of Halle-Wittenberg
James_Dyson,4.90E+09,Gresham's School
James_Dyson,4.90E+09,Royal College of Art
James_Dyson,4.90E+09,Byam Shaw School of Art
James_E._Thompson,1.00E+09,San Jose State University
James_Goodnight,8.10E+09,North Carolina State University
James_Harris_Simons,1.55E+10,Massachusetts Institute of Technology
James_Harris_Simons,1.55E+10,University of California Berkeley
James_Harris_Simons,1.55E+10,Doctor of Philosophy
James_Harris_Simons,1.55E+10,Bachelor of Science
Robert_Bass,5.50E+09,Stanford University
Robert_Bass,5.50E+09,Yale University
Robert_D._Ziff,5.00E+09,Cornell University
Robert_D._Ziff,5.00E+09,Harvard University
Robert_Englund,1.40E+07,California State University Northridge
Robert_Englund,1.40E+07,Royal Academy of Dramatic Art
Robert_Friedland,1.80E+09,Reed College
Robert_Holding,2.60E+09,University of Utah
Robert_J._Fisher,1.60E+09,Princeton University
Robert_J._Fisher,1.60E+09,Stanford University
Robert_L._Johnson,5.50E+08,Princeton University
Robert_L._Johnson,5.50E+08,University of Illinois at Urbana–Champaign
Robert_Miller_(businessman),2.50E+09,Rider University
Robert_Pera,2.10E+09,University of California San Diego
Robert_Sangster,1.10E+08,Repton School
Roberto_Civita,4.90E+09,Wharton School of the University of Pennsylvania
Roberto_Ongpin,6.80E+08,Ateneo de Manila University
Robin_Li,1.43E+10,Peking University
Robin_Li,1.43E+10,University at Buffalo
Rocky_Wirtz,4.20E+09,Northwestern University
Rocky_Wirtz,4.20E+09,North Shore Country Day School
Roger_Marino,1.20E+09,Northeastern University
Romesh_Wadhwani,2.80E+09,Carnegie Mellon University
Romesh_Wadhwani,2.80E+09,Indian Institute of Technology Bombay
Ron_Daniel,50,Wesleyan University
Ron_Daniel,50,Harvard Business School
Ronald_McAulay,2.60E+09,University of Glasgow
Ronald_Mourad_Cohen,2.20E+08,University of Oxford
Ronald_Mourad_Cohen,2.20E+08,Harvard Business School
Ronald_S._Baron,2.00E+09,Bucknell University
Ronald_S._Baron,2.00E+09,George Washington University
Ross_Perot,4.10E+09,United States Naval Academy
Ross_Perot,4.10E+09,Texarkana College
"Ross_Perot,_Jr.",1.60E+09,Vanderbilt University
Roustam_Tariko,1.90E+09,INSEAD
Roustam_Tariko,1.90E+09,Moscow State University of Railway Engineering
Roy_E._Disney,1.20E+09,Buckley School (California)
Roy_E._Disney,1.20E+09,Pomona College
Rupert_Hambro,1.50E+08,Eton College
"Rupert_Johnson,_Jr.",6.00E+09,Washington and Lee University
Rupert_Murdoch,1.17E+10,Worcester College Oxford
Russell_Weiner,2.10E+09,Redwood High School (Larkspur California)
Ram_Shriram,1.89E+09,University of Madras
Ramesh_Chandra,1.00E+09,University of Southampton
Ramesh_Chandra,1.00E+09,Indian Institute of Technology Kharagpur
Randa_Williams,4.10E+09,Rice University
Randa_Williams,4.10E+09,University of Houston
Randal_J._Kirk,3.80E+09,Radford University
Randal_J._Kirk,3.80E+09,University of Virginia School of Law
Randy_Lerner,1.10E+09,Columbia University
Randy_Lerner,1.10E+09,Columbia Law School
Ratul_Puri,1.20E+09,Carnegie Mellon University
Ray_Lee_Hunt,5.30E+09,Southern Methodist University
Raymond_Kwok,1.63E+10,Harvard Business School
Raymond_Kwok,1.63E+10,University of Cambridge
Reed_Hastings,1.72E+09,Stanford University
Reed_Hastings,1.72E+09,Bowdoin College
Reed_Hastings,1.72E+09,Computer science
Reid_Hoffman,4.60E+09,Stanford University
Reid_Hoffman,4.60E+09,University of Oxford
Ricardo_Salinas_Pliego,8.00E+09,Tulane University
Ricardo_Salinas_Pliego,8.00E+09,Monterrey Institute of Technology and Higher Education
Richard_Benjamin_Harrison,8000000,Lexington Senior High School (North Carolina)
Richard_LeFrak,6.50E+09,Columbia University
Richard_LeFrak,6.50E+09,Amherst College
Richard_Livingstone_(businessman),2.60E+09,St Paul's School London
Richard_Rainwater,2.80E+09,University of Texas at Austin
Richard_Rainwater,2.80E+09,Stanford Graduate School of Business
"Richard_S._Fuld,_Jr.",1.00E+08,University of Colorado Boulder
"Richard_S._Fuld,_Jr.",1.00E+08,New York University
"Richard_S._Fuld,_Jr.",1.00E+08,Master of Business Administration
Riley_P._Bechtel,3.90E+09,Stanford University
Riley_P._Bechtel,3.90E+09,University of California Davis
Rafael_del_Pino_(businessman),5.50E+09,Madrid
Rafael_del_Pino_(businessman),5.50E+09,Colegio Santa María del Pilar
Rafael_del_Pino_(businessman),5.50E+09,MIT Sloan School of Management
Rahul_Bajaj,2.70E+09,Harvard Business School
Raj_Rajaratnam,1.80E+09,Wharton School of the University of Pennsylvania
Rajan_Raheja,1.99E+09,University of Mumbai
Rajat_Gupta,1.00E+08,Indian Institute of Technology Delhi
Rajat_Gupta,1.00E+08,Harvard Business School
Rajen_A._Kilachand,9.00E+08,Boston University
Rakesh_Jhunjhunwala,1.90E+09,Chartered accountant
Rakesh_Jhunjhunwala,1.90E+09,University of Mumbai
Rakesh_Jhunjhunwala,1.90E+09,Institute of Chartered Accountants of India
Ralph_Lauren,5.60E+09,Baruch College
